map10_micro,map10_macro,recall@1,recall@5,precision@1,precision@5,precision@10
0.8794167052749999,0.5461320788187127,0.855578870541009,0.95064318949001,0.855578870541009,0.8558525681963325,0.855578870541009
