map10_micro,map10_macro,recall@1,recall@5,precision@1,precision@5,precision@10
0.8810849501222974,0.5379790548798635,0.8612352887510264,0.9481799105920993,0.8612352887510264,0.8583340936045982,0.8576498494662896
