map10_micro,map10_macro,recall@1,recall@5,precision@1,precision@5,precision@10
0.8823589312214595,0.5555588708998024,0.8588632424048901,0.952741538180823,0.8588632424048901,0.8589362284463096,0.8594927470121341
