map10_micro,map10_macro,recall@1,recall@5,precision@1,precision@5,precision@10
0.87648238102088,0.5149761356401941,0.8531155916430982,0.948909771006295,0.8531155916430982,0.8527871544567103,0.8512909406076088
