map10_micro,map10_macro,recall@1,recall@5,precision@1,precision@5,precision@10
0.8216531600425144,0.37775762181616734,0.7908949913329075,0.9213575403704042,0.7908949913329075,0.7856947358817626,0.7812152175896361
