map10_micro,map10_macro,recall@1,recall@5,precision@1,precision@5,precision@10
0.8674802418255667,0.47226437666394416,0.8429887783961317,0.9408813064501415,0.8429887783961317,0.8422954110026457,0.8412006203813522
