map10,recall@1,recall@5,precision@1,precision@5,precision@10
0.9623387976351924,0.9558543632156208,0.988621270419411,0.9558543632156208,0.9529487477920335,0.9520135285015953
