map10_micro,map10_macro,recall@1,recall@5,precision@1,precision@5,precision@10
0.8787707928013357,0.5331911006317062,0.8556701030927835,0.9505519569382356,0.8556701030927835,0.8543016148161664,0.8545844357266673
