map10_micro,map10_macro,recall@1,recall@5,precision@1,precision@5,precision@10
0.8748343554528254,0.527616581640505,0.8522032661253536,0.9477237478332269,0.8522032661253536,0.8493933035306999,0.8488824012407628
