map10_micro,map10_macro,recall@1,recall@5,precision@1,precision@5,precision@10
0.8762953523646413,0.539673452695843,0.8562174984034303,0.9490010035580695,0.8562174984034303,0.8517288568561263,0.8515463917525773
