map10_micro,map10_macro,recall@1,recall@5,precision@1,precision@5,precision@10
0.8806095651428809,0.5382854029839047,0.8558525681963325,0.9518292126630782,0.8558525681963325,0.8560715263205911,0.8570020983486909
